City_ID,City,Lat,Lng,Max Temp,Humidity,Cloudiness,Wind Speed,Country,Date
0,saskylakh,71.9167,114.0833,-30.99,100,94,1.67,RU,1680123182
1,clyde river,70.4692,-68.5914,-17.87,78,40,1.03,CA,1680123182
2,hamilton,39.1834,-84.5333,14.58,36,20,8.23,US,1680123157
3,saint-philippe,-21.3585,55.7679,25.77,77,73,4.0,RE,1680123183
4,itatiaia,-22.4961,-44.5633,22.24,95,99,1.04,BR,1680123183
5,rawson,-43.3002,-65.1023,16.32,23,90,8.33,AR,1680123183
6,houma,29.5958,-90.7195,17.0,55,89,5.14,US,1680122964
7,puerto ayora,-0.7393,-90.3518,31.98,85,90,2.24,EC,1680123184
8,kodiak,57.79,-152.4072,3.73,81,100,6.17,US,1680122967
9,kapoeta,4.7717,33.5903,26.69,51,36,2.42,SS,1680123184
10,new norfolk,-42.7826,147.0587,12.73,76,100,0.89,AU,1680123184
11,qaanaaq,77.484,-69.3632,-22.57,67,87,2.73,GL,1680123184
12,saint george,37.1041,-113.5841,20.7,24,0,10.8,US,1680123134
13,bredasdorp,-34.5322,20.0403,14.55,73,64,2.56,ZA,1680123185
14,martapura,-3.4167,114.85,25.05,100,100,0.51,ID,1680123185
15,kaitangata,-46.2817,169.8464,9.46,62,92,3.23,NZ,1680123186
16,kalemie,-5.9475,29.1947,21.35,85,88,0.82,CD,1680123186
17,castro,-24.7911,-50.0119,21.08,80,77,1.5,BR,1680123187
18,waingapu,-9.6567,120.2641,25.47,85,100,2.03,ID,1680123187
19,kununurra,-15.7667,128.7333,21.99,94,95,0.51,AU,1680123188
20,ortona,42.3496,14.4039,11.58,57,24,1.48,IT,1680123188
21,howard springs,-12.497,131.047,25.95,83,79,1.62,AU,1680123188
22,hasaki,35.7333,140.8333,11.22,75,56,1.22,JP,1680123189
23,sarai,53.7458,41.0213,6.38,88,100,2.87,RU,1680123189
24,port elizabeth,-33.918,25.5701,16.16,70,0,10.8,ZA,1680123189
25,dossor,47.5272,52.9811,13.88,61,0,3.7,KZ,1680123190
26,buraydah,26.326,43.975,22.25,19,65,4.64,SA,1680123190
27,port-gentil,-0.7193,8.7815,24.98,100,20,1.03,GA,1680123191
28,sedalia,38.7045,-93.2283,15.24,35,24,1.16,US,1680123191
29,bluff,-46.6,168.3333,7.67,68,35,6.22,NZ,1680123191
30,hobart,-42.8794,147.3294,12.92,73,75,6.69,AU,1680123047
31,upernavik,72.7868,-56.1549,-25.92,86,49,3.48,GL,1680123193
32,yellowknife,62.456,-114.3525,-6.71,63,100,3.6,CA,1680123172
33,barrow,71.2906,-156.7887,-12.0,85,99,4.41,US,1680123194
34,kitui,-1.367,38.0106,20.13,69,100,0.71,KE,1680123195
35,srednekolymsk,67.45,153.6833,-20.01,94,99,2.83,RU,1680123195
36,hermanus,-34.4187,19.2345,12.67,75,49,1.96,ZA,1680123195
37,ushuaia,-54.8,-68.3,4.79,70,75,9.77,AR,1680123090
38,avarua,-21.2078,-159.775,27.03,83,100,3.09,CK,1680123197
39,nioki,-2.7167,17.6833,22.8,95,78,1.43,CD,1680123197
40,ribeira grande,38.5167,-28.7,17.1,88,40,12.96,PT,1680123197
41,samaro,25.2815,69.3965,24.92,62,46,6.21,PK,1680123197
42,rodeo,38.033,-122.2669,10.98,89,100,3.6,US,1680123199
43,khatanga,71.9667,102.5,-31.13,100,99,1.14,RU,1680123200
44,ust-nera,64.5667,143.2,-11.04,97,100,1.94,RU,1680123200
45,mapastepec,15.4333,-92.9,34.01,48,13,4.13,MX,1680123201
46,mahebourg,-20.4081,57.7,27.16,83,40,5.14,MU,1680123202
47,cape town,-33.9258,18.4232,16.73,78,20,4.12,ZA,1680123038
48,airai,-8.9266,125.4092,14.66,85,100,0.91,TL,1680123203
49,moyale,3.5167,39.0584,22.13,68,31,1.28,KE,1680123203
50,vestmannaeyjar,63.4427,-20.2734,4.62,85,100,12.52,IS,1680123203
51,touros,-5.1989,-35.4608,26.36,78,7,3.53,BR,1680123204
52,busselton,-33.65,115.3333,15.12,74,90,6.46,AU,1680123204
53,sola,-13.8833,167.55,27.26,75,18,2.32,VU,1680123204
54,eyl,7.9803,49.8164,26.95,74,29,2.77,SO,1680123204
55,pisco,-13.7,-76.2167,29.03,58,0,6.69,PE,1680123205
56,port hardy,50.6996,-127.4199,8.1,57,40,1.54,CA,1680123205
57,whitehorse,60.7161,-135.0538,0.57,50,75,3.6,CA,1680123205
58,albany,42.6001,-73.9662,12.32,30,97,2.46,US,1680123176
59,mahon,39.8885,4.2658,12.31,82,20,2.57,ES,1680123206
60,luderitz,-26.6481,15.1594,16.18,67,0,10.05,NA,1680123206
61,brunsbuttel,53.9,9.15,9.62,91,100,1.34,DE,1680123206
62,erzin,36.9559,36.2,8.38,76,58,2.55,TR,1680123207
63,severo-kurilsk,50.6789,156.125,0.84,65,7,2.53,RU,1680123207
64,novoagansk,61.9449,76.6625,-9.18,92,100,6.69,RU,1680123207
65,port lincoln,-34.7333,135.8667,15.7,77,55,3.59,AU,1680123208
66,iturama,-19.7281,-50.1956,26.98,71,30,0.95,BR,1680123209
67,victoria,22.2855,114.1577,20.69,94,100,2.68,HK,1680123003
68,namibe,-15.1961,12.1522,24.13,76,100,2.12,AO,1680123209
69,vila franca do campo,37.7167,-25.4333,16.23,90,100,7.09,PT,1680123209
70,imbituba,-28.24,-48.6703,25.2,84,88,4.67,BR,1680123210
71,ati,13.2154,18.3353,32.89,16,99,3.96,TD,1680123210
72,jamestown,42.097,-79.2353,8.07,65,100,10.29,US,1680123134
73,shingu,33.7333,135.9833,8.41,62,100,2.47,JP,1680123210
74,butaritari,3.0707,172.7902,27.58,79,97,6.45,KI,1680123211
75,portland,45.5234,-122.6762,14.87,71,75,2.57,US,1680122880
76,ishigaki,24.3448,124.1572,21.07,100,75,2.57,JP,1680123212
77,babanka,48.7097,30.4483,-0.55,76,100,4.98,UA,1680123212
78,hambantota,6.1241,81.1185,25.83,74,43,2.4,LK,1680123212
79,cedar city,37.6775,-113.0619,13.54,26,0,11.83,US,1680122949
80,arraial do cabo,-22.9661,-42.0278,27.98,69,0,7.2,BR,1680123213
81,rikitea,-23.1203,-134.9692,26.45,77,85,3.5,PF,1680123213
82,georgetown,5.4112,100.3354,25.96,94,20,0.0,MY,1680123018
83,chuy,-33.6971,-53.4616,25.45,63,43,1.82,UY,1680123214
84,vaini,-21.2,-175.2,27.09,78,20,3.09,TO,1680123214
85,rangoon,16.8053,96.1561,24.98,83,20,4.12,MM,1680123192
86,khasan,42.4308,130.6434,3.71,79,31,0.91,RU,1680123214
87,baruun-urt,46.6806,113.2792,2.09,53,6,1.29,MN,1680123215
88,mount gambier,-37.8333,140.7667,10.54,92,28,2.14,AU,1680123215
89,suoyarvi,62.0833,32.35,-2.95,96,100,4.37,RU,1680123216
90,awjilah,29.1081,21.2869,15.53,31,0,4.07,LY,1680123216
91,mount isa,-20.7333,139.5,23.87,57,12,3.6,AU,1680123217
92,marsh harbour,26.5412,-77.0636,24.75,74,6,6.91,BS,1680123217
93,port alfred,-33.5906,26.891,15.1,73,97,1.79,ZA,1680123217
94,xining,36.6167,101.7667,6.07,57,100,1.4,CN,1680123218
95,mataura,-46.1927,168.8643,7.49,67,12,2.03,NZ,1680123037
96,araguacu,-12.9306,-49.8264,26.49,75,68,0.96,BR,1680123218
97,dikson,73.5069,80.5464,-19.67,99,100,3.71,RU,1680123219
98,punta arenas,-53.15,-70.9167,7.01,56,40,2.57,CL,1680123036
99,torrington,41.8007,-73.1212,13.12,30,69,2.24,US,1680123219
100,lebu,-37.6167,-73.65,13.28,60,17,7.51,CL,1680123220
101,coquimbo,-29.9533,-71.3436,19.85,72,20,6.69,CL,1680123005
102,cadillac,44.2519,-85.4012,-1.23,43,100,6.17,US,1680123220
103,bambous virieux,-20.3428,57.7575,27.14,83,40,5.14,MU,1680123220
104,maltahohe,-24.8333,16.9833,18.65,19,0,5.09,NA,1680123221
105,carnarvon,-24.8667,113.6333,23.8,78,100,2.11,AU,1680123221
106,hilo,19.7297,-155.09,27.93,81,100,5.66,US,1680123039
107,katangli,51.7102,143.2326,-3.83,83,72,2.62,RU,1680123221
108,tahta,26.7693,31.5021,19.13,33,0,7.9,EG,1680123221
109,kruisfontein,-34.0033,24.7314,13.82,74,49,6.2,ZA,1680123222
110,port hedland,-20.3167,118.5667,29.03,79,100,4.12,AU,1680123223
111,meulaboh,4.1363,96.1285,24.77,88,16,1.51,ID,1680123224
112,cayenne,4.9333,-52.3333,27.02,78,100,4.63,GF,1680123225
113,sedhiou,12.7081,-15.5569,28.57,33,26,3.77,SN,1680123225
114,bethel,41.3712,-73.414,12.79,34,80,1.34,US,1680123225
115,tolaga bay,-38.3667,178.3,15.54,55,46,4.51,NZ,1680123225
116,atuona,-9.8,-139.0333,27.2,78,44,7.12,PF,1680123226
117,kaeo,-35.1,173.7833,12.4,77,100,3.0,NZ,1680123226
118,kapaa,22.0752,-159.319,23.18,88,100,5.66,US,1680123227
119,cockburn town,21.4612,-71.1419,27.98,61,40,4.63,TC,1680123226
120,gejiu,23.306,103.1635,8.63,95,8,1.9,CN,1680123227
121,scarborough,54.2797,-0.4044,12.76,89,99,4.02,GB,1680123032
122,fortuna,40.5982,-124.1573,13.53,60,92,2.68,US,1680123227
123,constitucion,-35.3333,-72.4167,16.95,55,17,8.61,CL,1680123228
124,yulara,-25.2406,130.9889,20.16,48,79,6.19,AU,1680123228
125,woodward,36.4337,-99.3904,21.65,19,0,8.23,US,1680123228
126,tuatapere,-46.1333,167.6833,5.19,75,83,2.07,NZ,1680123228
127,cherskiy,68.75,161.3,-27.75,100,94,0.16,RU,1680123228
128,turukhansk,65.8167,87.9833,-27.67,100,97,2.31,RU,1680123229
129,bluefields,12.0137,-83.7635,29.04,74,75,2.06,NI,1680123065
130,oranjestad,12.524,-70.027,28.97,71,20,12.86,AW,1680123213
131,baraki barak,33.9675,68.9486,5.9,91,100,0.52,AF,1680123229
132,olhao,37.0286,-7.8411,17.27,69,0,2.57,PT,1680123229
133,lorengau,-2.0226,147.2712,27.23,78,96,2.41,PG,1680123230
134,mar del plata,-38.0023,-57.5575,18.38,54,40,6.17,AR,1680123230
135,elko,41.0002,-115.5012,1.24,81,100,5.36,US,1680123230
136,caucaia,-3.7361,-38.6531,27.97,77,40,3.09,BR,1680123230
137,taywarah,33.35,64.4167,2.29,94,100,0.42,AF,1680123231
138,tongzi,28.7829,105.0877,14.4,81,100,0.79,CN,1680123231
139,lakes entrance,-37.8811,147.981,13.42,73,85,8.43,AU,1680123231
140,igrim,63.1906,64.4162,-15.91,93,4,1.25,RU,1680123231
141,jamui,24.9167,86.2167,25.24,25,73,1.47,IN,1680123232
142,grand gaube,-20.0064,57.6608,27.22,77,70,0.89,MU,1680123232
143,talnakh,69.4865,88.3972,-28.11,100,100,2.6,RU,1680123232
144,ternate,0.8,127.4,26.53,80,99,3.29,ID,1680123233
145,kangaba,11.9333,-8.4167,29.67,51,76,4.02,ML,1680123233
146,aykhal,66.0,111.5,-18.48,98,100,3.2,RU,1680123233
147,dibulla,11.2725,-73.3091,28.95,60,43,5.66,CO,1680123233
148,evensk,61.95,159.2333,-16.92,91,30,2.55,RU,1680123233
149,namatanai,-3.6667,152.4333,26.43,81,99,1.5,PG,1680123233
150,dongli,23.5656,116.8194,16.99,94,100,2.0,CN,1680123234
151,houston,29.7633,-95.3633,21.3,59,100,4.63,US,1680123185
152,dongsheng,39.8161,109.9776,6.79,23,46,2.6,CN,1680123235
153,nikolskoye,59.7035,30.7861,-3.06,90,100,3.77,RU,1680123235
154,kismayo,-0.3582,42.5454,27.53,75,7,5.78,SO,1680123235
155,bandarbeyla,9.4942,50.8122,27.01,74,14,2.45,SO,1680123235
156,faya,18.3851,42.4509,17.06,62,2,1.6,SA,1680123235
157,esperance,-33.8667,121.9,15.11,85,100,3.83,AU,1680123236
158,kojnare,43.35,24.1333,4.06,56,42,1.98,BG,1680123236
159,flinders,-34.5833,150.8552,15.66,81,13,1.34,AU,1680123236
160,cidreira,-30.1811,-50.2056,25.14,80,25,5.34,BR,1680123236
161,huangchuan,32.1272,115.0394,11.59,76,96,2.05,CN,1680123236
162,nata,8.3333,-80.5167,32.93,35,1,8.98,PA,1680123237
163,bengkulu,-3.8004,102.2655,24.13,88,96,1.89,ID,1680123237
164,sur,22.5667,59.5289,24.73,42,0,2.75,OM,1680123237
165,tiksi,71.6872,128.8694,-30.64,100,78,2.9,RU,1680123238
166,yazoo city,32.8551,-90.4056,18.84,33,35,1.87,US,1680122947
167,mildura,-34.2,142.15,8.93,87,0,3.77,AU,1680123238
168,dickinson,29.4608,-95.0513,20.05,69,100,2.68,US,1680123238
169,chipinge,-20.1883,32.6236,16.02,81,5,1.35,ZW,1680123238
170,seka,17.9285,103.9552,23.69,78,0,1.48,TH,1680123239
171,manokwari,-0.8667,134.0833,25.28,78,99,0.88,ID,1680123239
172,sinnamary,5.3833,-52.95,25.9,82,32,5.3,GF,1680123239
173,hofn,64.2539,-15.2082,3.21,97,100,11.46,IS,1680123239
174,zhengjiatun,43.5064,123.5064,6.94,48,79,1.26,CN,1680123240
175,lazaro cardenas,17.9583,-102.2,29.74,47,93,4.95,MX,1680123241
176,vao,-22.6667,167.4833,24.62,76,76,3.74,NC,1680123242
177,soyo,-6.1349,12.3689,27.04,80,29,3.7,AO,1680123242
178,dalby,-27.1833,151.2667,21.26,81,100,2.15,AU,1680123243
179,thompson,55.7435,-97.8558,-3.91,46,100,7.2,CA,1680123243
180,la salle,41.3334,-89.0918,6.25,26,40,4.63,US,1680123216
181,comodoro rivadavia,-45.8667,-67.5,15.92,25,0,6.69,AR,1680122980
182,pimentel,-6.8367,-79.9342,31.16,58,40,3.6,PE,1680123244
183,eisenerz,47.5333,14.8833,2.47,84,100,1.2,AT,1680123245
184,naze,28.3667,129.4833,16.51,84,100,7.32,JP,1680123246
185,faanui,-16.4833,-151.75,28.19,74,89,4.44,PF,1680123246
186,bismil,37.8486,40.6658,11.06,75,99,4.71,TR,1680123247
187,chokurdakh,70.6333,147.9167,-30.44,100,100,2.27,RU,1680123248
188,villa de cura,10.0386,-67.4894,34.36,33,36,3.33,VE,1680123249
189,ancud,-41.8697,-73.8203,11.4,67,96,4.38,CL,1680123249
190,fraga,41.5229,0.3489,15.46,69,23,2.42,ES,1680123249
191,geraldton,-28.7667,114.6,23.23,78,12,8.23,AU,1680123250
192,richards bay,-28.783,32.0377,20.77,89,97,5.16,ZA,1680123250
193,batagay-alyta,67.8006,130.4114,-28.43,90,82,1.76,RU,1680123250
194,lagoa,39.05,-27.9833,16.01,79,100,12.42,PT,1680123251
195,olafsvik,64.8945,-23.7142,1.86,95,100,7.89,IS,1680123251
196,ilulissat,69.2167,-51.1,-23.34,92,1,1.1,GL,1680123252
197,te anau,-45.4167,167.7167,4.06,82,67,0.5,NZ,1680123252
198,formosa do rio preto,-11.0483,-45.1931,25.56,60,100,1.18,BR,1680123253
199,montecristo,8.2971,-74.4733,29.5,77,100,0.91,CO,1680123253
200,tasiilaq,65.6145,-37.6368,-15.15,73,4,1.14,GL,1680123254
201,guskhara,23.5,87.75,24.82,75,0,2.82,IN,1680123254
202,pitea,65.3172,21.4794,-9.95,93,22,2.56,SE,1680123255
203,pevek,69.7008,170.3133,-15.86,93,100,4.38,RU,1680123255
204,la ronge,55.1001,-105.2842,0.14,43,75,3.6,CA,1680123256
205,carauari,-4.8828,-66.8958,24.13,97,99,0.83,BR,1680123256
206,ullal,12.8,74.85,25.53,78,46,1.54,IN,1680123257
207,tacoronte,28.4769,-16.4102,22.13,26,0,4.12,ES,1680123257
208,quelimane,-17.8786,36.8883,23.97,88,0,0.0,MZ,1680123257
209,aracati,-4.5617,-37.7697,26.39,80,89,4.07,BR,1680123258
210,torfyanoy,58.4916,49.1979,-3.37,85,62,4.72,RU,1680123258
211,saint-paul,-21.0096,55.2707,26.06,93,64,0.45,RE,1680123258
212,porto novo,6.4965,2.6036,28.9,80,64,3.75,BJ,1680123259
213,ponta do sol,32.6667,-17.1,21.74,32,17,1.47,PT,1680123259
214,paamiut,61.994,-49.6678,-9.27,75,9,2.35,GL,1680123259
215,kamaishi,39.2667,141.8833,5.61,83,6,2.09,JP,1680123260
216,sandpoint,48.2766,-116.5533,12.6,32,40,4.12,US,1680123261
217,tiznit,29.5833,-9.5,25.01,19,0,0.71,MA,1680123261
218,coolum beach,-26.5333,153.1,23.95,90,100,2.26,AU,1680123262
219,fortuna foothills,32.6578,-114.4119,26.79,13,0,3.09,US,1680123262
220,hornepayne,49.2138,-84.7705,-7.72,80,100,4.77,CA,1680123263
221,kahului,20.8947,-156.47,27.2,70,20,3.58,US,1680123038
222,springdale,36.1867,-94.1288,18.36,37,0,4.63,US,1680123174
223,okhotsk,59.3833,143.3,-7.34,95,100,2.38,RU,1680123264
224,trairi,-3.2778,-39.2689,25.45,85,56,3.04,BR,1680123004
225,marienburg,54.0359,19.0266,5.49,75,100,4.33,PL,1680123264
226,kushima,31.4583,131.2333,12.32,64,100,2.48,JP,1680123265
227,bembereke,10.2283,2.6634,29.98,15,20,1.94,BJ,1680123265
228,mattoon,39.4831,-88.3728,14.74,44,99,4.41,US,1680123266
229,nevelsk,46.6733,141.8633,3.49,85,10,8.89,RU,1680123266
230,cabo san lucas,22.8909,-109.9124,27.56,49,100,3.18,MX,1680123151
231,andros town,24.7,-77.7667,27.98,66,56,3.37,BS,1680123027
232,flin flon,54.7682,-101.865,-1.09,34,40,6.17,CA,1680123268
233,bhadohi,25.4167,82.5667,25.07,26,56,0.7,IN,1680123268
234,tarlungeni,45.6333,25.75,-2.78,59,2,2.15,RO,1680123269
235,east london,-33.0153,27.9116,17.28,66,94,6.91,ZA,1680123245
236,tikhvin,59.6451,33.5294,-0.99,96,100,4.0,RU,1680123270
237,yerbogachen,61.2767,108.0108,1.74,99,100,6.27,RU,1680123270
238,sao filipe,14.8961,-24.4956,25.22,58,91,3.18,CV,1680123271
239,manta,-0.95,-80.7333,28.88,74,75,2.57,EC,1680123271
240,pemba,-12.974,40.5178,24.64,90,100,3.87,MZ,1680123272
241,kavaratti,10.5669,72.642,27.35,71,28,4.54,IN,1680123052
242,shimoda,34.6667,138.95,11.17,83,15,4.39,JP,1680123272
243,tallahassee,30.4383,-84.2807,20.93,56,100,0.45,US,1680123185
244,littlehampton,50.8069,-0.5378,12.66,87,99,11.51,GB,1680123273
245,nizhneudinsk,54.9076,99.0276,0.69,88,25,1.74,RU,1680123273
246,zaraza,9.3503,-65.3245,34.32,23,96,4.17,VE,1680123274
247,alofi,-19.0595,-169.9187,27.94,83,75,2.06,NU,1680123274
248,qaqortoq,60.7167,-46.0333,-4.77,81,17,0.59,GL,1680123275
249,amuntai,-2.4177,115.2494,22.55,99,100,0.68,ID,1680123130
250,nome,64.5011,-165.4064,-4.38,93,100,9.77,US,1680123275
251,trelew,-43.249,-65.3051,16.64,17,86,8.62,AR,1680123276
252,hithadhoo,-0.6,73.0833,27.76,76,34,2.73,MV,1680123276
253,saldanha,-33.0117,17.9442,16.12,79,67,8.76,ZA,1680123276
254,corozal,9.3151,-75.2928,30.43,55,90,4.17,CO,1680123276
255,sitka,57.0531,-135.33,5.01,67,92,3.35,US,1680123277
256,saint-pierre,-21.3393,55.4781,25.82,83,40,4.63,RE,1680123277
257,kedrovyy,56.1667,91.8167,6.23,98,100,2.96,RU,1680123278
258,nanortalik,60.1432,-45.2371,-2.87,88,64,2.64,GL,1680123278
259,miyako,39.6367,141.9525,4.9,79,0,1.49,JP,1680123142
260,kotido,2.9806,34.1331,22.68,61,6,2.41,UG,1680123279
261,anloga,5.7947,0.8973,28.1,83,23,5.37,GH,1680123279
262,sovetskiy,61.3614,63.5842,-14.23,96,7,1.67,RU,1680123279
263,laguna,38.421,-121.4238,12.1,65,100,9.26,US,1680123279
264,jacqueville,5.2052,-4.4146,26.96,85,100,2.55,CI,1680123280
265,norman wells,65.282,-126.8329,-8.98,67,75,5.14,CA,1680123091
266,souillac,-20.5167,57.5167,27.21,83,40,5.14,MU,1680123281
267,lasa,46.6166,10.7002,8.9,96,88,2.31,IT,1680123281
268,bitkine,11.9801,18.2138,33.69,18,89,0.87,TD,1680123281
269,mafinga,-7.25,35.0667,17.78,89,88,1.6,TZ,1680123282
270,umm kaddadah,13.6017,26.6876,24.58,9,11,5.57,SD,1680123282
271,gimli,50.6336,-96.9907,-5.99,58,94,5.66,CA,1680123282
272,hobyo,5.3505,48.5268,27.54,75,21,3.72,SO,1680123282
273,dunedin,-45.8742,170.5036,8.78,81,67,3.34,NZ,1680123174
274,fairbanks,64.8378,-147.7164,-1.06,51,100,0.51,US,1680123039
275,kolobrzeg,54.1757,15.5834,4.98,64,100,3.78,PL,1680123283
276,barvinkove,48.9097,37.0205,1.82,74,100,5.01,UA,1680123283
277,mezen,65.8522,44.24,-2.97,88,100,5.87,RU,1680123283
278,dolzhanskaya,46.6311,37.8039,3.99,67,100,9.95,RU,1680123284
279,jasper,37.2001,-94.3502,18.82,30,8,1.79,US,1680123284
280,maragogi,-9.0122,-35.2225,26.06,82,30,4.15,BR,1680123284
281,maldonado,-34.6667,-54.9167,24.66,78,40,6.12,UY,1680123118
282,olavarria,-36.8927,-60.3225,17.44,38,4,5.33,AR,1680123285
283,auki,-8.7676,160.7034,26.03,86,99,1.69,SB,1680123285
284,havre-saint-pierre,50.2334,-63.5986,1.2,86,20,4.12,CA,1680123285
285,jingdezhen,29.2947,117.2079,11.22,95,100,0.44,CN,1680123286
286,pangkalanbuun,-2.6833,111.6167,23.02,99,100,1.09,ID,1680123286
287,pombas,17.1503,-25.0201,23.88,66,47,3.47,CV,1680123286
288,palu,-0.8917,119.8707,23.55,96,84,1.0,ID,1680123286
289,taoudenni,22.6783,-3.9836,32.02,7,1,7.83,ML,1680123286
290,abdanan,32.9926,47.4198,14.29,52,1,0.82,IR,1680123287
291,innisfail,-17.5333,146.0333,21.21,90,8,1.91,AU,1680123287
292,nizhniy kuranakh,58.8353,125.4869,-20.37,99,71,1.78,RU,1680123091
293,tura,25.5198,90.2201,19.26,78,28,1.57,IN,1680123288
294,sayyan,15.1718,44.3244,14.76,74,98,0.58,YE,1680123035
295,kuala lipis,4.1842,102.0468,21.92,98,20,0.4,MY,1680123288
296,batagay,67.6333,134.6333,-26.68,100,100,1.14,RU,1680123288
297,sisimiut,66.9395,-53.6735,-11.99,75,6,3.38,GL,1680123288
298,dalbandin,28.8947,64.4101,17.28,52,13,0.78,PK,1680123289
299,bereda,43.2686,-7.5406,15.32,89,80,4.53,ES,1680123289
300,witu,-2.3889,40.4382,28.09,80,20,2.88,KE,1680123289
301,dolores,-36.3132,-57.6792,21.11,49,30,5.37,AR,1680123289
302,batticaloa,7.7102,81.6924,24.39,81,17,1.75,LK,1680123060
303,beloha,-25.1667,45.05,20.94,81,0,3.91,MG,1680123290
304,nyurba,63.2842,118.3319,-12.16,95,100,3.98,RU,1680123290
305,ugoofaaru,5.6667,73.0,28.44,70,76,1.67,MV,1680123290
306,bemidji,47.4736,-94.8803,-4.13,53,0,7.2,US,1680123291
307,subirana,15.2,-87.45,30.01,34,14,4.08,HN,1680123291
308,ahuimanu,21.4447,-157.8378,26.84,88,100,0.0,US,1680123292
309,boa vista,2.8197,-60.6733,32.99,40,40,4.63,BR,1680123098
310,tuktoyaktuk,69.4541,-133.0374,-18.0,71,0,2.06,CA,1680123293
311,walvis bay,-22.9575,14.5053,16.19,83,3,7.3,NA,1680123293
312,matagami,49.7502,-77.6328,-9.94,79,100,7.2,CA,1680123293
313,provideniya,64.3833,-173.3,-4.76,89,100,6.87,RU,1680123293
314,svetlyy,54.675,20.1347,5.03,71,100,6.18,RU,1680123294
315,ostrovnoy,68.0531,39.5131,-2.88,90,100,9.36,RU,1680123294
316,kloulklubed,7.0419,134.2556,28.05,69,19,0.75,PW,1680123295
317,qeshm,26.9581,56.2719,22.94,76,0,7.17,IR,1680123295
318,neuquen,-38.9516,-68.0591,19.94,30,0,1.03,AR,1680123295
319,vardo,70.3705,31.1107,-0.77,94,100,14.15,NO,1680123296
320,dalvik,65.9702,-18.5286,2.96,91,100,3.99,IS,1680123296
321,langsa,4.4683,97.9683,22.91,93,12,0.86,ID,1680123296
322,coihaique,-45.5752,-72.0662,6.97,76,100,1.54,CL,1680123008
323,saint anthony,45.0205,-93.218,-1.41,42,20,4.12,US,1680123297
324,isangel,-19.55,169.2667,26.49,79,85,2.53,VU,1680123297
325,kyra,49.5776,111.9753,-1.05,84,21,1.61,RU,1680123297
326,hammond,41.5834,-87.5,7.91,55,0,5.66,US,1680123297
327,ranau,5.9538,116.6641,19.83,97,51,0.47,MY,1680123298
328,umm lajj,25.0213,37.2685,24.44,54,100,3.28,SA,1680123298
329,playa del carmen,20.6274,-87.0799,30.01,55,23,3.21,MX,1680123298
330,sinjar,36.3209,41.8754,11.7,61,56,5.45,IQ,1680123298
331,hirado,33.3597,129.5531,12.78,56,98,3.74,JP,1680123299
332,luau,-10.7073,22.2247,18.49,93,79,0.38,AO,1680123299
333,sibolga,1.7427,98.7792,23.94,90,99,1.56,ID,1680123299
334,santa rosa,14.3122,121.1114,25.99,85,98,1.78,PH,1680123007
335,mazyr,52.0495,29.2456,-3.41,87,73,4.82,BY,1680123300
336,gorontalo,0.5412,123.0595,23.49,92,100,1.3,ID,1680123300
337,vila do maio,15.1333,-23.2167,26.44,79,99,5.49,CV,1680123300
338,torbay,47.6666,-52.7314,1.82,88,100,7.2,CA,1680123301
339,babushkin,51.7122,105.8647,1.02,81,20,2.66,RU,1680123302
340,sechura,-5.5569,-80.8222,26.94,75,98,3.75,PE,1680123302
341,talkha,31.0539,31.3779,10.53,64,20,2.55,EG,1680123303
342,mangan,27.5167,88.5333,15.71,62,84,2.29,IN,1680123303
343,araouane,18.9048,-3.5265,29.74,8,0,4.99,ML,1680123303
344,paita,-5.0892,-81.1144,27.1,76,97,6.03,PE,1680123304
345,longyearbyen,78.2186,15.6401,-13.09,85,75,3.6,SJ,1680123305
346,am timan,11.0297,20.2827,31.62,15,33,2.22,TD,1680123305
347,panaba,21.2833,-88.2667,30.77,47,64,8.58,MX,1680123306
348,matamoros,25.5333,-103.25,25.06,43,100,1.56,MX,1680123306
349,imeni poliny osipenko,52.4201,136.4853,-1.13,96,100,1.57,RU,1680123307
350,brazzaville,-4.2658,15.2832,23.55,86,76,2.5,CG,1680123307
351,praia,14.9215,-23.5087,26.3,50,0,6.17,CV,1680123307
352,taltal,-25.4,-70.4833,21.79,73,23,2.44,CL,1680123308
353,suozhen,36.9539,118.1047,11.61,50,2,2.48,CN,1680123308
354,lakhnau,26.85,80.9167,25.99,57,40,1.03,IN,1680123083
355,bathsheba,13.2167,-59.5167,28.34,61,40,8.75,BB,1680123309
356,viedma,-40.8135,-62.9967,14.45,20,0,4.88,AR,1680123058
357,kazachinskoye,57.6953,93.2761,-2.2,85,99,4.8,RU,1680123310
358,sorland,67.667,12.6934,-2.08,51,7,2.51,NO,1680123310
359,altamont,42.2068,-121.7372,6.33,61,100,2.24,US,1680123310
360,priyutnoye,46.1011,43.5072,11.73,71,100,4.57,RU,1680123311
361,sorong,-0.8833,131.25,26.47,80,100,1.35,ID,1680123312
362,heihe,50.2441,127.4902,0.32,51,10,5.97,CN,1680123312
363,birjand,32.8663,59.2211,10.26,76,0,2.06,IR,1680123313
364,jiblah,13.9216,44.1467,17.47,71,100,1.51,YE,1680123313
365,hue,16.4667,107.6,21.26,96,81,1.18,VN,1680123313
366,yumen,40.2833,97.2,5.77,20,0,0.31,CN,1680123314
367,juybar,36.6412,52.9124,18.05,52,0,2.58,IR,1680123314
368,natal,-5.795,-35.2094,29.36,74,40,6.17,BR,1680123021
369,zhanaozen,43.3,52.8,13.7,62,0,4.19,KZ,1680123315
370,awbari,26.5921,12.7805,19.95,30,0,6.3,LY,1680123316
371,cortez,37.3489,-108.5859,13.35,32,47,8.25,US,1680123316
372,juneau,58.3019,-134.4197,5.61,100,49,1.5,US,1680123316
373,prince rupert,54.3161,-130.3201,7.05,65,0,6.17,CA,1680123316
374,college,64.8569,-147.8028,-1.07,56,100,1.06,US,1680123317
375,asyut,27.181,31.1837,19.1,38,0,7.58,EG,1680123318
376,kassala,15.451,36.4,27.51,17,88,3.68,SD,1680123319
377,abha,18.2164,42.5053,16.9,67,0,0.0,SA,1680123319
378,locri,38.2414,16.2623,11.29,54,84,4.74,IT,1680123320
379,san carlos,9.6612,-68.5827,33.26,34,88,2.72,VE,1680123320
380,pyatovskiy,54.6891,36.0563,5.02,86,100,3.62,RU,1680123321
381,kailua,21.4022,-157.7394,26.99,90,100,0.0,US,1680123322
382,goderich,43.7501,-81.7165,1.06,51,84,10.29,CA,1680123322
383,goodlettsville,36.3231,-86.7133,18.23,29,0,1.12,US,1680123219
384,andenes,69.3143,16.1194,-3.01,74,75,5.14,NO,1680123323
385,voyvozh,62.892,54.9635,-12.2,97,70,2.06,RU,1680123323
386,lata,40.1629,-8.3327,12.66,81,46,1.73,PT,1680123324
387,balabac,7.9868,117.0645,26.62,82,65,3.55,PH,1680123325
388,coffs harbour,-30.3,153.1333,18.96,94,41,0.0,AU,1680123325
389,west wendover,40.7391,-114.0733,7.56,53,100,8.23,US,1680123325
390,llanes,43.4198,-4.7549,16.34,65,7,0.75,ES,1680123325
391,san cristobal,7.7669,-72.225,25.1,53,100,1.21,VE,1680123326
392,xuanhua,40.6103,115.0447,10.8,17,96,0.98,CN,1680123326
393,qandala,11.472,49.8728,28.3,75,27,2.26,SO,1680123326
394,bubaque,11.2833,-15.8333,25.47,70,10,6.87,GW,1680123326
395,bosaso,11.2842,49.1816,27.81,76,36,1.3,SO,1680123327
396,alihe,50.5667,123.7167,-4.15,83,8,1.41,CN,1680123327
397,mugur-aksy,50.35,90.5,-1.83,46,7,1.85,RU,1680123328
398,kavieng,-2.5744,150.7967,27.81,74,99,2.16,PG,1680123328
399,bintulu,3.1667,113.0333,24.23,94,40,0.51,MY,1680123329
400,bundaberg,-24.85,152.35,24.01,91,100,1.34,AU,1680123329
401,iqaluit,63.7506,-68.5145,-17.15,77,75,10.29,CA,1680123160
402,atkinson,42.8384,-71.147,13.46,36,22,3.13,US,1680123330
403,arvika,59.6553,12.5852,-7.66,98,51,0.97,SE,1680123330
404,jacksonville,30.3322,-81.6556,21.12,64,75,5.14,US,1680122772
405,youkounkoun,12.5333,-13.1333,33.56,14,19,1.49,GN,1680123330
406,teguldet,57.3064,88.1667,-6.03,77,100,4.0,RU,1680123331
407,islahiye,37.025,36.6306,6.47,84,93,0.75,TR,1680123331
408,zhigansk,66.7697,123.3711,-28.5,100,34,1.87,RU,1680123332
409,codrington,-38.2667,141.9667,11.74,86,60,4.25,AU,1680123332
410,rizhao,35.4275,119.4553,8.74,72,100,1.15,CN,1680123333
411,tabas,33.5959,56.9244,18.12,45,2,1.03,IR,1680123334
412,russell,32.3502,-85.1999,20.54,34,88,0.77,US,1680123334
413,katsuura,35.1333,140.3,11.84,82,14,2.41,JP,1680123334
414,shieli,44.1667,66.75,15.82,66,56,3.66,KZ,1680123335
415,nishihara,26.1842,127.7558,17.81,93,100,7.72,JP,1680123336
416,conceicao do araguaia,-8.2578,-49.2647,26.79,79,100,0.94,BR,1680123336
417,manaus,-3.1019,-60.025,31.28,70,75,3.6,BR,1680123336
418,valparaiso,-33.0393,-71.6273,26.13,47,0,7.72,CL,1680123337
419,copiapo,-27.3667,-70.3333,20.83,37,0,3.53,CL,1680123337
420,coahuayana,18.7333,-103.6833,32.58,36,96,3.53,MX,1680123337
421,miraflores,19.2167,-98.8083,25.02,30,53,1.95,MX,1680123337
422,borovskoy,53.8,64.15,-2.3,79,11,4.24,KZ,1680123338
423,uribia,11.7139,-72.266,32.03,40,10,9.8,CO,1680123338
424,banjar,-8.19,114.9675,24.77,90,99,1.33,ID,1680123339
425,havoysund,70.9963,24.6622,-1.87,88,100,10.88,NO,1680123340
426,staraya toropa,56.2801,31.6702,-3.21,92,100,4.77,RU,1680123340
427,kapenguria,1.2511,35.0895,15.43,77,85,0.72,KE,1680123340
428,astana,51.1801,71.446,-0.03,93,100,11.0,KZ,1680123341
429,uvat,59.1433,68.8953,-4.64,89,48,4.64,RU,1680123342
430,hervey bay,-25.2986,152.8535,24.16,81,100,4.11,AU,1680123342
431,sao miguel do araguaia,-13.275,-50.1628,26.72,74,16,1.18,BR,1680123342
432,maicao,11.3832,-72.2432,31.15,44,11,7.26,CO,1680123343
433,san ramon de la nueva oran,-23.1322,-64.326,33.01,52,11,2.2,AR,1680123343
434,touba,8.2833,-7.6833,23.67,84,89,1.16,CI,1680123140
435,rumoi,43.9344,141.6428,2.07,84,3,3.35,JP,1680123344
436,fort nelson,58.8053,-122.7002,1.08,72,100,4.12,CA,1680123344
437,opuwo,-18.0607,13.84,22.33,69,99,2.59,NA,1680123344
438,graham,47.0529,-122.2943,15.39,42,16,1.34,US,1680123345
439,vanimo,-2.6741,141.3028,25.64,85,100,0.35,PG,1680123345
440,poso,-1.3959,120.7524,24.87,84,60,1.76,ID,1680123346
441,narsaq,60.9167,-46.05,-7.79,76,13,1.53,GL,1680123346
442,alghero,40.5589,8.3181,10.05,93,0,0.51,IT,1680123346
443,rorvik,64.8621,11.2373,-8.01,73,0,0.51,NO,1680123346
444,reichenbach,48.7101,9.4643,13.3,81,0,1.54,DE,1680123347
445,honiara,-9.4333,159.95,25.68,87,100,0.71,SB,1680123347
446,diego de almagro,-26.3667,-70.05,26.79,28,0,5.17,CL,1680123348
447,peru,40.7537,-86.0689,6.54,85,99,5.82,US,1680123348
448,lujan,-34.5703,-59.105,22.84,65,74,2.68,AR,1680123348
449,champerico,14.3,-91.9167,33.3,64,8,6.06,GT,1680123348
450,alice springs,-23.7,133.8833,16.75,82,100,3.6,AU,1680123349
451,filadelfia,39.9523,-75.1638,15.06,31,40,5.66,US,1680123149
452,conde,-7.2597,-34.9075,27.7,74,75,4.63,BR,1680123349
453,port hawkesbury,45.6169,-61.3485,2.88,94,100,4.12,CA,1680123350
454,westport,41.1415,-73.3579,13.27,36,74,1.79,US,1680123350
455,karratha,-20.7377,116.8463,27.83,77,100,6.65,AU,1680123350
456,caravelas,-17.7125,-39.2481,25.02,72,0,2.7,BR,1680123351
457,acapulco,16.8634,-99.8901,30.32,51,91,4.29,MX,1680123153
458,saint-joseph,-21.3667,55.6167,25.21,78,53,4.37,RE,1680123351
459,imphal,24.8167,93.95,16.18,65,75,0.53,IN,1680123351
460,berestechko,50.3605,25.1107,1.11,57,0,2.66,UA,1680123352
461,baherden,38.4362,57.4316,20.12,42,0,3.02,TM,1680123352
462,dandeli,15.2667,74.6167,19.83,68,67,1.57,IN,1680123352
463,port pirie,-33.1833,138.0167,14.14,73,0,2.2,AU,1680123353
464,mosetse,-20.75,26.65,21.3,64,49,1.89,BW,1680123353
465,merauke,-8.4667,140.3333,25.26,89,94,2.05,ID,1680123304
466,pangnirtung,66.1451,-65.7125,-10.0,48,20,2.57,CA,1680123354
467,port blair,11.6667,92.75,27.02,83,40,1.03,IN,1680123354
468,gabu,12.2833,-14.2167,29.87,42,20,4.23,GW,1680123354
469,santa rosalia,27.3167,-112.2833,23.41,21,3,1.23,MX,1680123355
470,wanaka,-44.7,169.15,3.39,77,14,0.45,NZ,1680123355
471,bangkalan,-7.0455,112.7351,24.97,87,100,3.27,ID,1680123355
472,daru,-9.0763,143.2092,25.24,90,100,1.46,PG,1680123355
473,asau,46.4333,26.4,0.71,82,98,2.03,RO,1680123355
474,makakilo city,21.3469,-158.0858,26.18,78,20,6.17,US,1680123097
475,saint-augustin,51.226,-58.6502,0.41,82,100,3.56,CA,1680123356
476,sao joao da barra,-21.6403,-41.0511,29.05,84,50,3.69,BR,1680123240
477,lavrentiya,65.5833,-171.0,-6.22,94,100,5.52,RU,1680123356
478,mayo,38.8876,-76.5119,16.74,41,0,5.14,US,1680123356
479,guerrero negro,27.9769,-114.0611,18.92,41,0,7.57,MX,1680123357
480,rantepao,-2.9701,119.8978,18.03,95,93,1.48,ID,1680123357
481,bowen,-20.0167,148.2333,25.53,81,21,1.31,AU,1680123357
482,troitsko-pechorsk,62.7084,56.1964,-14.72,100,91,0.49,RU,1680123357
483,voskresenskoye,56.8381,45.4317,0.95,86,100,3.75,RU,1680123358
484,kafue,-15.7691,28.1814,16.53,95,21,1.51,ZM,1680123358
485,vila velha,-20.3297,-40.2925,27.97,78,40,3.6,BR,1680123358
486,morant bay,17.8815,-76.4093,29.79,63,0,5.54,JM,1680123358
487,klaksvik,62.2266,-6.589,5.51,97,100,18.65,FO,1680123359
488,morro bay,35.3658,-120.8499,14.31,72,76,1.79,US,1680123359
489,manakara,-22.1333,48.0167,22.51,83,79,1.73,MG,1680123359
490,wanlaweyn,2.6185,44.8938,27.35,68,65,5.72,SO,1680123360
491,olinda,-8.0089,-34.8553,23.85,88,100,1.03,BR,1680123360
492,kaseda,31.4167,130.3167,13.85,66,100,3.08,JP,1680123361
493,mareeba,-17.0,145.4333,21.36,94,74,0.79,AU,1680123362
494,abu dhabi,24.4667,54.3667,24.97,60,0,2.06,AE,1680123046
495,iquique,-20.2208,-70.1431,27.02,80,13,2.7,CL,1680123190
496,huilong,31.8111,121.655,11.07,94,100,2.2,CN,1680123363
497,el carmen de bolivar,9.7174,-75.1202,29.43,62,91,4.02,CO,1680123364
498,beringovskiy,63.05,179.3167,-6.7,89,99,4.54,RU,1680123364
499,clarence town,-32.5833,151.7833,18.81,78,0,2.17,AU,1680123082
500,mecca,21.4267,39.8261,26.37,44,52,0.97,SA,1680123085
501,port augusta,-32.5,137.7667,15.56,71,63,2.47,AU,1680123366
502,sao jose da coroa grande,-8.8978,-35.1478,26.11,82,34,4.35,BR,1680123366
503,kodinsk,58.6881,99.1844,4.62,93,100,5.32,RU,1680123367
504,shihezi,44.3,86.0333,9.84,49,0,2.16,CN,1680123367
505,ambon,-3.6954,128.1814,24.08,94,40,3.6,ID,1680123368
506,itarema,-2.9248,-39.9167,26.08,81,24,4.18,BR,1680123369
507,mega,4.05,38.3,16.88,76,10,2.24,ET,1680123370
508,peddapalli,18.6167,79.3667,28.0,58,91,4.81,IN,1680123370
509,tambovka,50.0969,128.0489,-0.75,56,35,5.57,RU,1680123371
510,marsaxlokk,35.8419,14.5431,15.04,76,0,2.57,MT,1680123371
511,asfi,32.2994,-9.2372,17.63,72,2,5.18,MA,1680123306
512,gat,31.61,34.7642,14.38,100,81,6.66,IL,1680123372
513,domoni,-12.2569,44.5319,27.0,81,99,0.82,KM,1680123372
514,palembang,-2.9167,104.7458,24.05,94,20,1.03,ID,1680123373
515,port lavaca,28.615,-96.6261,23.03,55,100,7.2,US,1680123373
516,batsfjord,70.6345,29.7185,-2.04,93,75,15.95,NO,1680123374
517,mackay,-21.15,149.2,22.6,85,2,2.43,AU,1680123374
518,chicama,-7.8447,-79.1469,29.3,63,85,4.27,PE,1680123374
519,chabahar,25.2919,60.643,24.7,59,0,6.12,IR,1680123375
520,vagay,57.9375,69.0217,-3.53,72,6,3.95,RU,1680123375
521,ordzhonikidze,52.4411,61.7408,-2.43,85,70,7.24,KZ,1680123375
522,hoquiam,46.9809,-123.8893,16.09,57,32,0.89,US,1680123283
523,kulhudhuffushi,6.6221,73.07,28.46,71,70,3.81,MV,1680123376
524,zapolyarnyy,69.4154,30.8136,-5.4,95,100,5.69,RU,1680123377
525,svetlogorsk,52.6333,29.7333,-3.14,89,79,4.67,BY,1680123377
526,berkakit,56.5807,124.7681,-23.91,100,60,0.9,RU,1680123377
527,la antigua,6.7153,-76.079,18.99,88,100,1.43,CO,1680123378
528,sonipat,28.9833,77.0167,21.0,37,100,2.48,IN,1680123379
529,san felipe,10.3399,-68.7425,27.11,56,90,4.15,VE,1680123379
530,chirilagua,13.2203,-88.1386,32.42,38,5,3.71,SV,1680123379
531,swarzedz,52.4129,17.085,7.72,65,75,3.09,PL,1680123380
532,lianran,24.9227,102.485,7.3,68,0,1.68,CN,1680123380
533,krasnyy tkach,55.4721,39.0802,5.49,88,100,3.09,RU,1680123381
534,kontagora,10.3999,5.4695,29.99,13,88,1.59,NG,1680123381
535,raudeberg,61.9875,5.1352,2.37,66,45,3.14,NO,1680123382
536,nemuro,43.3236,145.575,1.73,88,0,1.33,JP,1680123382
537,ler,8.3018,30.1418,31.53,19,74,1.69,SS,1680123382
538,disna,55.568,28.1971,-4.27,83,98,3.76,BY,1680123382
539,itaituba,-4.2761,-55.9836,33.09,52,20,2.06,BR,1680123383
540,komsomolskiy,40.4272,71.7189,16.4,44,100,4.12,UZ,1680123383
541,evanston,42.0411,-87.6901,6.9,43,20,3.58,US,1680123343
542,port macquarie,-31.4333,152.9167,18.83,78,0,2.14,AU,1680123384
543,phalodi,27.1333,72.3667,25.22,42,99,3.56,IN,1680123384
544,vila,42.0304,-8.1588,10.94,88,97,3.92,PT,1680123385
545,tual,-5.6667,132.75,26.83,81,100,5.33,ID,1680123385
546,mitsamiouli,-11.3847,43.2844,27.55,76,100,2.26,KM,1680123386
547,payson,40.0444,-111.7321,13.35,27,100,7.2,US,1680123342
548,tygda,53.1167,126.3333,-5.71,70,25,5.6,RU,1680123386
549,nouadhibou,20.931,-17.0347,19.99,88,0,8.23,MR,1680123387
550,lashma,54.9321,41.1438,6.16,76,100,3.82,RU,1680123387
551,rustam,27.969,68.8048,20.97,54,0,7.8,PK,1680123388
552,korla,41.7597,86.1469,13.02,17,95,1.92,CN,1680123388
553,libreville,0.3925,9.4537,25.11,83,100,2.23,GA,1680123389
554,quatre cocos,-20.2078,57.7625,27.06,83,79,6.27,MU,1680123389
555,warrington,53.3925,-2.5802,13.3,90,75,2.06,GB,1680123389
556,muravlenko,63.7898,74.523,-16.38,96,89,7.12,RU,1680123390
557,nikel,69.4128,30.222,-4.9,94,100,5.02,RU,1680123390
558,la cruz,23.9167,-106.9,25.14,50,100,3.62,MX,1680123390
559,clyde,41.3042,-82.9752,4.95,78,100,7.94,US,1680123390
560,anadyr,64.75,177.4833,-7.72,92,75,9.0,RU,1680123391
561,la paz,-16.5,-68.15,10.88,68,75,2.57,BO,1680123391
562,baykit,61.67,96.37,-10.79,86,100,6.22,RU,1680123392
563,cap malheureux,-19.9842,57.6142,25.82,77,72,1.34,MU,1680123392
564,pingliang,35.5392,106.6861,7.47,63,82,1.57,CN,1680123393
565,lima,-12.0432,-77.0282,27.14,61,0,5.14,PE,1680122918
566,bilibino,68.0546,166.4372,-16.48,96,100,0.97,RU,1680123393
567,pinheiro machado,-31.5783,-53.3811,25.03,79,95,2.06,BR,1680123393
568,san jose,37.3394,-121.895,11.06,78,100,5.36,US,1680123238
569,yotsukaido,35.65,140.1667,13.23,94,46,2.75,JP,1680123394
570,veraval,20.9,70.3667,23.64,80,0,3.92,IN,1680123394
571,havelock,34.8791,-76.9013,15.97,59,9,2.68,US,1680123395
572,brae,60.3964,-1.353,6.38,95,100,12.99,GB,1680123395
